{
  "train_loss": [
    0.6727455790865413,
    0.19832774119372534,
    0.1978008756078444,
    0.1978410120904829,
    0.1981560593924007
  ],
  "val_loss": [
    0.13037502235948323,
    0.13037502235948323,
    0.13037502235948323,
    0.13037502235948323,
    0.13037502235948323
  ],
  "learning_rate": [
    0.0,
    0.0,
    0.0,
    0.0,
    0.0
  ]
}