{
  "train_loss": [
    0.6481948088677156,
    0.11049639255388555,
    0.07298846330291123,
    0.05715717219758391,
    0.04766413914051717,
    0.04140297027707503,
    0.03712063378077887,
    0.033944758428518386,
    0.03117430248768806,
    0.0289021456682158,
    0.02735423628645955,
    0.026295548579248058,
    0.02500054396016516,
    0.024328404530508867,
    0.023997671271259614
  ],
  "val_loss": [
    0.09315405389456241,
    0.05528236292134803,
    0.041807762003159735,
    0.03608673461992573,
    0.03196013105722765,
    0.029426215875155485,
    0.027287747383896575,
    0.025932831152037414,
    0.02515287906740437,
    0.024464074752290732,
    0.02369523679473306,
    0.023367303587543825,
    0.023025844820010178,
    0.023021980418733465,
    0.022854514306326543
  ],
  "learning_rate": [
    1.907584392810171e-05,
    1.771328364752302e-05,
    1.6350723366944324e-05,
    1.498816308636563e-05,
    1.3625602805786936e-05,
    1.2263042525208242e-05,
    1.0900482244629548e-05,
    9.537921964050855e-06,
    8.175361683472162e-06,
    6.812801402893468e-06,
    5.450241122314774e-06,
    4.087680841736081e-06,
    2.725120561157387e-06,
    1.3625602805786935e-06,
    0.0
  ]
}